empresa;franquia;nome;endereco;bairro;cidade;estado;cep;telefone;horario_funcionamento;produtos_para;servicos_disponiveis
petz;1;Petz Abelardo Bueno;Av. Embaixador Abelardo Bueno, 3140;Barra da Tijuca;Rio de Janeiro;RJ;22775-040;(021) 3161-7385;Segunda a sábado - das 08:00 às 23:00Domingo e Feriado - das 09:00 às 22:00;Cachorros, Gatos, Pássaros, Peixes, Outros pets, Casa e Jardim;Banho e tosa, Unidade Veterinária, Farmácia
petz;1;Petz Aclimação;Rua Muniz de Sousa, 450;Aclimação;São Paulo;SP;01534-000;(11) 2181-7417;Todos os dias - das 08:00 às 22:00;Cachorros, Gatos, Pássaros, Peixes, Outros pets, Casa e Jardim;Farmácia
petz;1;Petz Afonso Pena;Av. Afonso Pena, 1022;Amambai;Campo Grande;MS;79005-671;(67) 3222-6097;Segunda a sábado - das 08:00 às 22:00Domingo - das 09:00 às 22:00Feriado - das 09:00 às 18:00;Cachorros, Gatos, Pássaros, Peixes, Outros pets, Casa e Jardim;
petz;1;Petz Agamenon;Av. Gov. Agamenon Magalhães, 3855;Santo Amaro;Recife;PE;50050-290;(081) 3033-7590;Todos os dias - das 08:00 às 22:00;Cachorros, Gatos, Pássaros, Peixes, Outros pets, Casa e Jardim;Farmácia
petz;1;Petz Águas Claras;Av. Sibipiruna, 4;Águas Claras;Brasília;DF;71928-720;(61) 3221-7381;Segunda a sábado - das 08:00 às 22:00Domingo e Feriado - das 09:00 às 22:00;Cachorros, Gatos, Pássaros, Peixes, Outros pets, Casa e Jardim;Banho e tosa
petz;1;Petz Alameda Santos;Alameda Santos, 637;Cerqueira César;São Paulo;SP;01419-001;(11) 2181-7366;Todos os dias - das 08:00 às 22:00;Cachorros, Gatos, Pássaros, Peixes, Outros pets, Casa e Jardim;
petz;1;Petz Aldeota;Av. Barão de Studart, 999;Aldeota;Fortaleza;CE;60120-001;(085) 3031-5592;Todos os dias - das 08:00 às 22:00;Cachorros, Gatos, Pássaros, Peixes, Outros pets, Casa e Jardim;Banho e tosa, Unidade Veterinária, Farmácia, Petz Play
petz;1;Petz Alphaville;Av. Alphaville, 580;Alphaville;Barueri;SP;06472-010;(011) 2181-7355;Todos os dias - das 08:00 às 22:00;Cachorros, Pássaros, Peixes, Outros pets, Casa e Jardim;Banho e tosa, Unidade Veterinária, Farmácia
petz;1;Petz Alto da Boa Vista;Av. Adolfo Pinheiro, 1600;Santo Amaro;São Paulo;SP;04734-004;(011) 2181-7330;Todos os dias - das 08:00 às 22:00;Cachorros, Gatos, Pássaros, Peixes, Outros pets, Casa e Jardim;Banho e tosa, Unidade Veterinária, Farmácia
petz;1;Petz Americana;Av. Paulista, 985;Vila Nossa Sra. de Fatima;Americana;SP;13478-580;(019) 3478-0140;Segunda a sábado - das 08:00 às 22:00Domingo - das 09:00 às 21:00Feriado - das 08:00 às 22:00;Cachorros, Gatos, Pássaros, Peixes, Outros pets, Casa e Jardim;Farmácia
petz;1;Petz Ana Costa;Avenida Ana Costa, 215;Gonzaga;Santos;SP;11060-001;(013) 3202-7400;Todos os dias - das 08:00 às 22:00;Cachorros, Pássaros, Peixes, Outros pets, Casa e Jardim;Banho e tosa, Unidade Veterinária, Farmácia
petz;1;Petz Anália Franco;Av. Regente Feijó, 677;Vila Regente Feijó;São Paulo;SP;03342-000;(011) 2181-7360;Todos os dias - das 08:00 às 22:00;Cachorros, Pássaros, Peixes, Outros pets, Casa e Jardim;Banho e tosa, Unidade Veterinária, Farmácia
petz;1;Petz Angélica;Av. Angélica, 2011;Higienópolis;São Paulo;SP;01227-200;(011) 2181-7342;Todos os dias - das 08:00 às 22:00;Cachorros, Gatos, Pássaros, Peixes, Outros pets, Casa e Jardim;Farmácia
petz;1;Petz Anhaia Mello;Av. Prof. Luiz Ignacio Anhaia Mello, 5657 - Junto ao Roldao;Vila Graciosa;São Paulo;SP;03295-000;(011) 2181-7470;Todos os dias - das 08:00 às 22:00;Cachorros, Pássaros, Peixes, Outros pets, Casa e Jardim;Banho e tosa, Unidade Veterinária, Farmácia
petz;1;Petz Aracaju;Av. Ministro Geraldo Barreto Sobral, 140;Jardins;Aracaju;SE;49026-900;(079) 3021-9540;Todos os dias - das 08:00 às 22:00;Cachorros, Gatos, Pássaros, Peixes, Outros pets, Casa e Jardim;Banho e tosa, Unidade Veterinária, Farmácia
petz;1;Petz Araçatuba;Av. Brasília, 2737;Vila Sao Paulo;Araçatuba;SP;16018-000;(018) 3117-6771;Segunda a sábado - das 08:00 às 22:00Domingo e Feriado - das 08:00 às 20:00;Cachorros, Gatos, Pássaros, Peixes, Outros pets, Casa e Jardim;Banho e tosa, Unidade Veterinária, Farmácia
petz;1;Petz Araraquara;Av.Padre Francisco Salles Culturato, 1272;Centro;Araraquara;SP;14802-000;(16) 2108-2213;Segunda a sábado - das 08:00 às 22:00Domingo - das 09:00 às 21:00Feriado - das 08:00 às 22:00;Cachorros, Gatos, Pássaros, Peixes, Outros pets, Casa e Jardim;
petz;1;Petz Arujá;Estrada de Santa Isabel, 1278 - Parque Nossa Sra. do Carmo;Brasil;Arujá;SP;07432-575;(11) 2181-7391;Todos os dias - das 09:00 às 22:00;Cachorros, Gatos, Pássaros, Peixes, Outros pets, Casa e Jardim;
petz;1;Petz Assaí Anchieta;Rua Garcia Lorca, 301;Paulicéia;São Bernardo do Campo;SP;09695-000;(11) 2181-7359;Segunda a sábado - das 08:00 às 22:00Domingo e Feriado - das 08:00 às 20:00;Cachorros, Gatos, Pássaros, Peixes, Outros pets, Casa e Jardim;
petz;1;Petz Assaí Colinas;Av. Jorge Zarur, 100;Jardim Apolo;São José dos Campos;SP;12243-081;(11) 2181-7353;Segunda a sábado - das 09:00 às 22:00Domingo e Feriado - das 09:00 às 20:00;Cachorros, Gatos, Pássaros, Peixes, Outros pets, Casa e Jardim;Farmácia
petz;1;Petz Assaí Maracanã;Rua José Higino, 115 - Dentro do Assai Maracana;Maracanã;Rio de Janeiro;RJ;20520-201;(021) 3161-7389;Segunda a sábado - das 08:00 às 22:00Domingo - das 08:00 às 20:00Feriado - das 08:00 às 22:00;Cachorros, Gatos, Pássaros, Peixes, Outros pets, Casa e Jardim;Banho e tosa, Unidade Veterinária, Farmácia
petz;1;Petz Assaí Penha;Av. São Miguel, 962;Penha de França;São Paulo;SP;03620-000;(11) 2181-7357;Segunda a sábado - das 08:00 às 22:00Domingo e Feriado - das 08:00 às 20:00;Cachorros, Gatos, Pássaros, Peixes, Outros pets, Casa e Jardim;
petz;1;Petz Assis Chateaubriand;Av. Assis Chateaubriand, 17;St. Oeste;Goiânia;GO;74130-015;(62) 2764-7384;Todos os dias - das 09:00 às 22:00;Cachorros, Gatos, Pássaros, Peixes, Outros pets, Casa e Jardim;
petz;1;Petz Augusta;Rua Augusta , 215;Bela Vista;São Paulo;SP;01305-000;(011) 2181-7365;Todos os dias - 24h;Cachorros, Gatos, Pássaros, Peixes, Outros pets, Casa e Jardim;Banho e tosa, Unidade Veterinária, Farmácia
petz;1;Petz Avenida das Américas Recreio;Avenida das Américas, 12700;Barra da Tijuca;Rio de Janeiro;RJ;22793-329;(21) 3161-7398;Segunda a domingo - das 08:00 às 23:00Feriado - das 08:00 às 22:00;Cachorros, Gatos, Pássaros, Peixes, Outros pets, Casa e Jardim;Banho e tosa, Unidade Veterinária
petz;1;Petz Avenida do Contorno;Av. do Contorno, 2171;Santa Efigênia;Belo Horizonte;MG;30110-017;(31) 3079-7388;Todos os dias - das 08:00 às 22:00;Cachorros, Gatos, Pássaros, Peixes, Outros pets, Casa e Jardim;Farmácia
petz;1;Petz Avenida Dos Estados;Av. dos Estados, 6973;Parque Jaçatuba;Santo André;SP;09270-270;(11) 2181-7392;Todos os dias - das 08:00 às 22:00;Cachorros, Gatos, Pássaros, Peixes, Outros pets, Casa e Jardim;
petz;1;Petz Avenida Goiás;Avenida Goiás, 889;Santo Antônio;São Caetano do Sul;SP;09521-310;(011) 2181-7361;Todos os dias - das 08:00 às 22:00;Cachorros, Gatos, Pássaros, Peixes, Outros pets, Casa e Jardim;Farmácia
petz;1;Petz Avenida Interlagos;Av. Interlagos, 2000;Jardim Marajoara;São Paulo;SP;04660-002;(11) 2181-7354;Segunda a sábado - das 08:00 às 22:00Domingo - das 09:00 às 21:00Feriado - das 08:00 às 22:00;Cachorros, Gatos, Pássaros, Peixes, Outros pets, Casa e Jardim;Farmácia
petz;1;Petz Avenida Milão;Av. Milão, 531;Jardim Europa;Goiânia;GO;74325-030;(62) 2764-7385;Todos os dias - das 08:00 às 22:00;Cachorros, Gatos, Pássaros, Peixes, Outros pets, Casa e Jardim;
petz;1;Petz Balneário Camboriú;Av. do Estado Dalmo Vieira, 4888;Estados;Balneário Camboriú;SC;88339-060;(47) 3311-7758;Todos os dias - das 08:00 às 22:00;Gatos, Pássaros, Peixes, Outros pets, Casa e Jardim;Banho e tosa, Unidade Veterinária, Farmácia
petz;1;Petz Bandeirantes;Av. dos Bandeirantes, 2040;Vila Olímpia;São Paulo;SP;04553-902;(011) 2181-7305;Todos os dias - das 08:00 às 00:00;Cachorros, Gatos, Pássaros, Peixes, Outros pets, Casa e Jardim;Banho e tosa, Unidade Veterinária, Farmácia
petz;1;Petz Bangu Shopping;Rua Fonseca, 240 - Area Ext, proximo a Portaria 2;Bangu;Rio de Janeiro;RJ;21820-005;(021) 3161-7396;Segunda a sábado - das 08:00 às 22:00Domingo e Feriado - das 13:00 às 21:00;Cachorros, Gatos, Pássaros, Peixes, Outros pets, Casa e Jardim;Banho e tosa, Farmácia
petz;1;Petz Barra Américas;Avenida das Américas, 6571 - Lote 02 Pal 45164;Barra da Tijuca;Rio de Janeiro;RJ;22793-080;(021) 3161-7389;Todos os dias - das 08:00 às 22:00;Cachorros, Gatos, Pássaros, Peixes, Outros pets, Casa e Jardim;Banho e tosa, Farmácia, Petz Play
petz;1;Petz Barreiro;Av. Sinfrônio Brochado, 1200;Barreiro;Belo Horizonte;MG;30640-000;(31) 3079-7385;Todos os dias - das 08:00 às 22:00;Cachorros, Gatos, Pássaros, Peixes, Outros pets, Casa e Jardim;
petz;1;Petz Bauru;RUA RUBENS PAGANI , 444;Jardim Estoril;Bauru;SP;17016-210;(014) 3204-7389;Todos os dias - das 08:00 às 22:00;Cachorros, Gatos, Pássaros, Peixes, Outros pets, Casa e Jardim;Banho e tosa, Unidade Veterinária, Farmácia, Petz Play
petz;1;Petz Belém;Av. Nª Sra. de Nazaré, 139;Nazaré;Belém;PA;66035-445;(091) 2121-1963;Todos os dias - das 08:00 às 22:00;Cachorros, Gatos, Pássaros, Peixes, Outros pets, Casa e Jardim;Banho e tosa, Farmácia
petz;1;Petz Belford Roxo;Av. Jorge Júlio da Costa dos Santos, 971;Centro;Belford Roxo;RJ;26130-010;(21) 3161- 7386;Todos os dias - das 08:00 às 22:00;Cachorros, Gatos, Pássaros, Peixes, Outros pets, Casa e Jardim;Farmácia
petz;1;Petz Bento Gonçalves;R. Fortaleza, 362;Botafogo;Bento Gonçalves;RS;95700-000;(054) 3698-5666;Todos os dias - das 08:00 às 20:00;Cachorros, Gatos, Pássaros, Peixes, Outros pets, Casa e Jardim;Farmácia
petz;1;Petz BestCenter Jacareí;R. Barão de Jacareí, 625;Jardim Mesquita;Jacareí;SP;12308-000;(12) 3886-6040;Segunda a sábado - das 08:00 às 22:00Domingo e Feriado - das 08:00 às 20:00;Cachorros, Gatos, Pássaros, Peixes, Outros pets, Casa e Jardim;
petz;1;Petz Betim;Av. Juiz Marco Tulio Isaac, 470;Parque das Industrias;Betim;MG;32671-072;(031) 3079-7389;Todos os dias - das 08:00 às 22:00;Cachorros, Gatos, Pássaros, Peixes, Outros pets, Casa e Jardim;Banho e tosa, Unidade Veterinária, Farmácia
petz;1;Petz Blumenau;R. São Paulo, 1629;Itoupava Seca;Blumenau;SC;89030-001;(047) 3036-5490;Todos os dias - das 08:00 às 22:00;Cachorros, Gatos, Pássaros, Peixes, Outros pets, Casa e Jardim;Unidade Veterinária, Farmácia
petz;1;Petz Boa Viagem;Rua Professor João Medeiros, 139;Boa Viagem;Recife;PE;51020-000;(081) 3033-7590;Segunda a sábado - das 08:00 às 00:00Domingo e Feriado - das 08:00 às 22:00;Cachorros, Gatos, Pássaros, Peixes, Outros pets, Casa e Jardim;Banho e tosa, Unidade Veterinária, Farmácia
petz;1;Petz Bosque Maia;Av. Paulo Faccini, 1385;Macedo;Guarulhos;SP;07111-000;(011) 2181-7465;Todos os dias - das 08:00 às 23:00;Cachorros, Pássaros, Peixes, Outros pets, Casa e Jardim;Banho e tosa, Unidade Veterinária, Farmácia
petz;1;Petz Botafogo;Rua General Polidoro, 113;Botafogo;Rio de Janeiro;RJ;22280-004;(021) 3161-7390;Todos os dias - das 08:00 às 22:00;Cachorros, Gatos, Pássaros, Peixes, Outros pets, Casa e Jardim;Banho e tosa, Unidade Veterinária, Farmácia
petz;1;Petz Botucatu;Av. Dr. Vital Brasil, 645;Vila Sao Lucio;Botucatu;SP;18603-193;(14) 3878-3575;Todos os dias - das 08:00 às 20:00;Cachorros, Gatos, Pássaros, Peixes, Outros pets, Casa e Jardim;
petz;1;Petz Brasília Asa Norte;ST STN, Conjunto D, BLOCO 2/B, S/N - TERMINAL NORTE CONJ D BLOCO2/B;Asa Norte;Brasília;DF;70770-100;(061) 3221-7389;Segunda-feira - das 08:00 às 00:00Terça-feira - das 08:08 às 00:00Quarta-feira - das 08:00 às 00:00Quinta-feira - das 08:00 às 00:00Sexta-feira - das 08:00 às 00:00Sábado - das 08:00 às 00:00Domingo - das 09:00 às 00:00Feriado - das 09:00 às 00:00;Cachorros, Gatos, Pássaros, Peixes, Outros pets, Casa e Jardim;Banho e tosa, Unidade Veterinária, Farmácia
petz;1;Petz Brasília Epia;Epia Sul, , Lote 3;Candangolândia;Brasília;DF;71738-010;(061) 3221-7389;Segunda a sábado - das 08:00 às 22:00Domingo e Feriado - das 09:00 às 22:00;Cachorros, Gatos, Pássaros, Peixes, Outros pets, Casa e Jardim;Banho e tosa, Unidade Veterinária, Farmácia
petz;1;Petz Brasília Jardim Botânico;Av. Das Paineiras - Q. 1 Lote E , S/N - Proximo a Paroquia Santa Clara;Jardim Botânico;Brasília;DF;71681-025;(061) 3221-7389;Segunda a sábado - das 08:00 às 22:00Domingo e Feriado - das 09:00 às 22:00;Cachorros, Gatos, Pássaros, Peixes, Outros pets, Casa e Jardim;Banho e tosa, Farmácia
petz;1;Petz Brasília SIA;SIA trecho 02, Lotes 65/95 , 65/95;Guará I;Brasília;DF;71200-207;(061) 3221-7389;Segunda a sábado - das 08:00 às 22:00Domingo e Feriado - das 09:00 às 21:00;Cachorros, Gatos, Pássaros, Peixes, Outros pets, Casa e Jardim;Banho e tosa, Unidade Veterinária, Farmácia
petz;1;Petz Brasília W3 Norte;Comércio Residencial Norte, 502;SHCN;Brasília;DF;70297-400;(061) 3221-7386;Todos os dias - das 08:00 às 00:00;Cachorros, Gatos, Pássaros, Peixes, Outros pets, Casa e Jardim;Banho e tosa, Unidade Veterinária, Farmácia
petz;1;Petz Brusque;R. Pref. Germano Schaeffer, 755;Centro 1;Brusque;SC;88353-020;(47) 3205-6489;Todos os dias - das 08:00 às 22:00;Cachorros, Gatos, Pássaros, Peixes, Outros pets, Casa e Jardim;
petz;1;Petz Bueno T63;Av T63, S/N - Quadra 143 lote 4/13;Setor Bueno;Goiânia;GO;74230-105;(062) 2764-7389;Segunda a sábado - das 08:00 às 00:00Domingo e Feriado - das 09:00 às 00:00;Cachorros, Pássaros, Peixes, Outros pets, Casa e Jardim;Banho e tosa, Unidade Veterinária, Farmácia
petz;1;Petz Butantã;Av. Professor Francisco Morato, 1796 - 1798;Butantã;São Paulo;SP;05512-200;(011) 2181-7340;Todos os dias - das 08:00 às 22:00;Cachorros, Pássaros, Peixes, Outros pets, Casa e Jardim;Farmácia
petz;1;Petz Cambuí;Av. Doutor Moraes Sales, 2326;Nova Campinas;Campinas;SP;13100-201;(019) 3341-7389;Segunda a sábado - das 08:00 às 22:00Domingo - das 09:00 às 21:00Feriado - das 08:00 às 22:00;Cachorros, Gatos, Pássaros, Peixes, Outros pets, Casa e Jardim;Banho e tosa, Farmácia
petz;1;Petz Campinas Norte Sul;Av Jose de Sousa Campos, 200;Nova Campinas;Campinas;SP;13092-123;(19) 3341-7385;Segunda a sábado - das 08:00 às 22:00Domingo - das 09:00 às 21:00Feriado - das 08:00 às 22:00;Cachorros, Gatos, Pássaros, Peixes, Outros pets, Casa e Jardim;Unidade Veterinária, Farmácia
petz;1;Petz Campo Grande;Av. Afonso Pena, 5420;Chacara Cachoeira;Campo Grande;MS;79040-010;(067) 3222-6097;Todos os dias - das 08:00 às 22:00;Cachorros, Gatos, Pássaros, Peixes, Outros pets, Casa e Jardim;Banho e tosa, Unidade Veterinária, Farmácia
petz;1;Petz Campo Grande Rio;Estrada da Cachamorra, 200;Campo Grande;Rio de Janeiro;RJ;23040-125;(021) 3161-7388;Todos os dias - das 08:00 às 22:00;Cachorros, Gatos, Pássaros, Peixes, Outros pets, Casa e Jardim;Banho e tosa, Farmácia
petz;1;Petz Canoas;Avenida Getúlio Vargas, 6401;Marechal Rondon;Canoas;RS;92020-020;(051) 3052-0478;Todos os dias - das 08:00 às 22:00;Cachorros, Gatos, Pássaros, Peixes, Outros pets, Casa e Jardim;Banho e tosa, Unidade Veterinária, Farmácia
petz;1;Petz Caraguatatuba;Rua Vereador Antônio Cruz Arouca, 200;Indaiá;Caraguatatuba;SP;11665-100;(012) 3886-6040;Todos os dias - das 08:00 às 22:00;Cachorros, Gatos, Pássaros, Peixes, Outros pets, Casa e Jardim;Farmácia
petz;1;Petz Carapicuíba;Avenida Inocêncio Seráfico, 3375;Vila Silva Ribeiro;Carapicuíba;SP;06380-021;(011) 2181-7328;Todos os dias - das 08:00 às 22:00;Cachorros, Gatos, Pássaros, Peixes, Outros pets, Casa e Jardim;Banho e tosa, Farmácia
petz;1;Petz Carlos Berta;R. Antônio Carlos Berta, 151;Jardim Europa;Porto Alegre;RS;91340-020;(051) 3052-0480;Todos os dias - das 08:00 às 22:00;Cachorros, Gatos, Pássaros, Peixes, Outros pets, Casa e Jardim;Banho e tosa, Farmácia
petz;1;Petz Carlos Luz;Avenida Presidente Carlos Luz, 710;Caiçaras;Belo Horizonte;MG;31230-010;(031) 3079-7389;Todos os dias - das 08:00 às 22:00;Cachorros, Gatos, Pássaros, Peixes, Outros pets, Casa e Jardim;Banho e tosa, Farmácia
petz;1;Petz Carrefour Anchieta;Av .Marginal Direita Anchieta, 3398;Jardim Maria Estela;São Paulo;SP;04246-900;(011) 2181-7317;Todos os dias - das 08:00 às 22:00;Cachorros, Gatos, Pássaros, Peixes, Outros pets, Casa e Jardim;Banho e tosa, Farmácia
petz;1;Petz Carrefour Imigrantes;R. Ribeiro Lacerda, 940 - Estacionamento G3 Carrefour;Bosque da Saúde;São Paulo;SP;04147-020;(011) 2181-7320;Segunda a sábado - das 09:00 às 21:00Domingo - das 10:00 às 21:00Feriado - das 09:00 às 21:00;Cachorros, Pássaros, Peixes, Outros pets, Casa e Jardim;Banho e tosa, Farmácia
petz;1;Petz Carrefour Manilha;R. Oliveira Botelho, 349 - Dentro do Carrefour Manilha;Neves;São Gonçalo;RJ;24425-005;(021) 3161-7389;Segunda a sábado - das 08:00 às 22:00Domingo - das 09:00 às 20:00Feriado - das 09:00 às 22:00;Gatos, Pássaros, Peixes, Outros pets, Casa e Jardim;Banho e tosa, Unidade Veterinária, Farmácia
petz;1;Petz Carrefour Ribeirão Shopping;Av Coronel Fernando Ferreira Leite, 1540 - Ribeirao Shopping;Jardim Califórnia;Ribeirão Preto;SP;14026-020;(016) 3602-8190;Todos os dias - das 08:00 às 22:00;Gatos, Pássaros, Peixes, Outros pets, Casa e Jardim;Farmácia
petz;1;Petz Carrefour São Caetano;Avenida do Estado, 1750 - junto ao Carrefour;Fundação;São Caetano do Sul;SP;09550-400;(011) 2181-7425;Todos os dias - das 08:00 às 22:00;Cachorros, Pássaros, Peixes, Outros pets, Casa e Jardim;Banho e tosa, Unidade Veterinária, Farmácia
petz;1;Petz Carrefour Tietê;Av. Morvan Dias de Figueiredo, 3177;Vila Guilherme;São Paulo;SP;02063-902;(011) 2181-7351;Segunda a sábado - das 08:00 às 22:00Domingo - das 10:00 às 22:00Feriado - das 08:00 às 22:00;Cachorros, Gatos, Pássaros, Peixes, Outros pets, Casa e Jardim;Banho e tosa, Farmácia
petz;1;Petz Cascavel;Avenida Brasil, 4254;Centro;Cascavel;PR;85812-000;(045) 3035-8060;Segunda a domingo - das 09:00 às 22:00Feriado - das 09:00 às 18:00;Cachorros, Gatos, Pássaros, Peixes, Outros pets, Casa e Jardim;Banho e tosa, Farmácia, Petz Play
petz;1;Petz Castelo;Av. Pres. Tancredo Neves, 3005;Paquetá;Belo Horizonte;MG;30840-535;(31) 3079-7387;Todos os dias - das 08:00 às 22:00;Cachorros, Gatos, Pássaros, Peixes, Outros pets, Casa e Jardim;
petz;1;Petz Catuai Londrina;Rod. Mabio Gonçalves Palhano, 195 - em frente ao Catuaí Shopping;Gleba Fazenda Palhano;Londrina;PR;86055-585;(043) 3032-1060;Todos os dias - das 09:00 às 22:00;Cachorros, Gatos, Pássaros, Peixes, Outros pets, Casa e Jardim;Banho e tosa, Unidade Veterinária, Farmácia
petz;1;Petz Cavalhada;Av. Eduardo Prado, 415;Cavalhada;Porto Alegre;RS;91751-000;(051) 3557-4779;Todos os dias - das 08:00 às 22:00;Gatos, Pássaros, Peixes, Outros pets, Casa e Jardim;Banho e tosa, Unidade Veterinária, Farmácia
petz;1;Petz Caxias do Sul;Av Rubens Bento Alves, 8457;Cinquentenário;Caxias do Sul;RS;95012-393;(054) 3538-2760;Todos os dias - das 08:00 às 22:00;Cachorros, Gatos, Pássaros, Peixes, Outros pets, Casa e Jardim;Farmácia
petz;1;Petz Ceilândia;St. M-Norte , Q 1;Taguatinga;Brasília;DF;72145-100;(61) 3221-7382;Todos os dias - das 08:00 às 22:00;Cachorros, Gatos, Pássaros, Peixes, Outros pets, Casa e Jardim;Farmácia
petz;1;Petz Center Minas;Av. Pastor Anselmo Silvestre, 1395 , 1495 - Shopping Center Minas;Dom Joaquim;Belo Horizonte;MG;31170-678;(031) 3079-7389;Segunda a sábado - das 08:00 às 22:00Domingo e Feriado - das 08:00 às 20:00;Cachorros, Gatos, Pássaros, Peixes, Outros pets, Casa e Jardim;Banho e tosa, Farmácia
petz;1;Petz Center Shopping Uberlândia;Av. João Naves de Ávila, 1331;Tibery;Uberlândia;MG;38405-140;(034) 2154-1791;Segunda a sábado - das 10:00 às 22:00Domingo e Feriado - das 12:00 às 20:00;Cachorros, Gatos, Pássaros, Peixes, Outros pets, Casa e Jardim;Banho e tosa, Farmácia
petz;1;Petz Cerro Corá;Rua Cerro Corá, 1950;Vila Romana;São Paulo;SP;05061-300;(011) 2181-7321;Todos os dias - das 08:00 às 23:00;Cachorros, Gatos, Pássaros, Peixes, Outros pets, Casa e Jardim;Banho e tosa, Unidade Veterinária, Farmácia
petz;1;Petz Chapecó;Av. Fernando Machado, 1001D;Centro;Chapecó;SC;89802-111;(47) 3311-7758;Todos os dias - das 08:00 às 22:00;Cachorros, Gatos, Pássaros, Peixes, Outros pets, Casa e Jardim;Banho e tosa
petz;1;Petz Cidade Jardim;Av dos Tajuras, 147 - 161;Cidade Jardim;São Paulo;SP;05670-000;(11) 2181-7345;Todos os dias - das 08:00 às 22:00;Peixes, Outros pets, Casa e Jardim;Farmácia
petz;1;Petz Congonhas;Av. Moreira Guimarães, 631 - 657;Indianópolis;São Paulo;SP;04074-030;(011) 2181-7303;Todos os dias - das 08:00 às 00:00;Cachorros, Pássaros, Peixes, Outros pets, Casa e Jardim;Banho e tosa, Unidade Veterinária, Farmácia
petz;1;Petz Contagem;Av. Babita Camargos, 1295 - Loja 03;Cidade Industrial;Contagem;MG;32210-180;(031) 3079-7389;Todos os dias - das 08:00 às 22:00;Cachorros, Gatos, Pássaros, Peixes, Outros pets, Casa e Jardim;Banho e tosa, Unidade Veterinária, Farmácia
petz;1;Petz Contagem João Cesar;Av. João César de Oliveira, 5750;Funcionários;Contagem;MG;32040-000;(031) 3079-7389;Todos os dias - das 08:00 às 22:00;Cachorros, Gatos, Pássaros, Peixes, Outros pets, Casa e Jardim;Banho e tosa, Farmácia
petz;1;Petz Continente;R. Martinho Boschetti, 2083;Picadas do Sul;São José;SC;88106-110;(048) 3181-0700;Todos os dias - das 08:00 às 22:00;Cachorros, Gatos, Pássaros, Peixes, Outros pets, Casa e Jardim;Farmácia
petz;1;Petz Copacabana;Av. Nossa Senhora de Copacabana, 1246;Copacabana;Rio de Janeiro;RJ;22070-012;(021) 3161-7389;Todos os dias - das 08:00 às 21:00;Cachorros, Gatos, Pássaros, Peixes, Outros pets, Casa e Jardim;Farmácia
petz;1;Petz Cotia;Rodovia Raposo Tavares KM 21, 5650 - Acesso tambem pela Rua Damasco;Lageadinho;Cotia;SP;06709-015;(011) 2181-7323;Todos os dias - das 08:00 às 23:00;Cachorros, Gatos, Pássaros, Peixes, Outros pets, Casa e Jardim;Banho e tosa, Unidade Veterinária, Farmácia
petz;1;Petz Criciúma;Av. Centenário, 6323;Próspera;Criciúma;SC;88801-001;(48) 3299-1951;Todos os dias - das 08:00 às 22:00;Cachorros, Gatos, Pássaros, Peixes, Outros pets, Casa e Jardim;Farmácia
petz;1;Petz Cristiano Machado;Av. Cristiano Machado, 10688;Jardim Guanabara;Belo Horizonte;MG;31742-005;(31) 3079-7389;Todos os dias - das 08:00 às 21:00;Cachorros, Gatos, Pássaros, Peixes, Outros pets, Casa e Jardim;
petz;1;Petz Diadema;Av. Fábio Eduardo Ramos Esquivel, 1100;Centro;Diadema;SP;09920-578;(011) 2181-7352;Todos os dias - das 08:00 às 22:00;Cachorros, Gatos, Pássaros, Peixes, Outros pets, Casa e Jardim;Banho e tosa, Unidade Veterinária, Farmácia
petz;1;Petz Diário de Notícias;Avenida Diário de Notícias, 1500;Cristal;Porto Alegre;RS;90810-080;(051) 3557-4779;Todos os dias - das 08:00 às 22:00;Cachorros, Gatos, Pássaros, Peixes, Outros pets, Casa e Jardim;Banho e tosa, Unidade Veterinária, Farmácia
petz;1;Petz Divinópolis;R. Minas Gerais, 640;Centro;Divinópolis;MG;35500-007;(37) 2102-5018;Segunda a domingo - das 08:00 às 20:00Feriado - das 08:00 às 22:00;Cachorros, Gatos, Pássaros, Peixes, Outros pets, Casa e Jardim;
petz;1;Petz Djalma Batista;Av. Djalma Batista, 3000;Chapada;Manaus;AM;69050-010;(092) 3024-6531;Todos os dias - das 08:00 às 00:00;Cachorros, Gatos, Pássaros, Peixes, Outros pets, Casa e Jardim;Banho e tosa, Unidade Veterinária, Farmácia
petz;1;Petz Dom Pedro;Av. Guilherme Campos, 500 - Shopping Parque Dom Pedro;Centro (Pq Dom Pedro Shopping);Campinas;SP;13087-901;(019) 3341-7389;Segunda a sábado - das 09:00 às 22:00Domingo e Feriado - das 12:00 às 20:00;Cachorros, Gatos, Pássaros, Peixes, Outros pets, Casa e Jardim;Banho e tosa, Unidade Veterinária, Farmácia
petz;1;Petz Dourados;Av. Marcelino Pires, 4226;Jardim Caramuru;Dourados;MS;79830-000;(67) 3222-6097;Todos os dias - das 08:00 às 21:00;Cachorros, Gatos, Pássaros, Peixes, Outros pets, Casa e Jardim;
petz;1;Petz Edgar Facó;Av. Gen. Edgar Facó, 848;Vila Arcadia;São Paulo;SP;02924-400;(011) 2181-7343;Todos os dias - das 08:00 às 22:00;Cachorros, Gatos, Pássaros, Peixes, Outros pets, Casa e Jardim;Banho e tosa, Unidade Veterinária, Farmácia
petz;1;Petz Enseada;Av. Dom Pedro I, S/N - LOTE 1 E 2;ENSEADA;Guarujá;SP;11440-110;(013) 3202-7401;Todos os dias - das 08:00 às 22:00;Cachorros, Pássaros, Peixes, Outros pets, Casa e Jardim;Banho e tosa, Farmácia
petz;1;Petz Estação Goiânia;Avenida Goiás, 2151 - QD 21, Lote. Area Compl. Qd 2.;Setor Central;Goiânia;GO;74010-010;(62) 2764-7386;Segunda a sábado - das 09:00 às 22:00Domingo e Feriado - das 09:00 às 20:00;Cachorros, Gatos, Pássaros, Peixes, Outros pets, Casa e Jardim;Farmácia
petz;1;Petz Fernando Corrêa;Avenida Fernando Corrêa da Costa, 1682;Pico do Amor;Cuiabá;MT;78065-000;(065) 3025-8889;Segunda a sábado - das 08:00 às 22:00Domingo e Feriado - das 08:00 às 20:00;Cachorros, Gatos, Pássaros, Peixes, Outros pets, Casa e Jardim;Banho e tosa, Unidade Veterinária, Farmácia
petz;1;Petz Ferraz de Vasconcelos;Avenida Brasil, 2015;Vila Romanopolis;Ferraz de Vasconcelos;SP;08529-310;(11) 2181-7451;Todos os dias - das 08:00 às 22:00;Cachorros, Gatos, Pássaros, Peixes, Outros pets, Casa e Jardim;Farmácia
petz;1;Petz Florianópolis;Rodovia José Carlos Daux, 5500 - Square SC Corporate;Saco Grande;Florianópolis;SC;88032-005;(048) 3181-0700;Todos os dias - das 08:00 às 22:00;Cachorros, Gatos, Pássaros, Peixes, Outros pets, Casa e Jardim;Banho e tosa, Unidade Veterinária, Farmácia
petz;1;Petz Foz do Iguaçu;Av. Paraná, 1314;Região Central;Foz do Iguaçu;PR;85863-754;(045) 3026-3800;Todos os dias - das 08:00 às 22:00;Cachorros, Gatos, Pássaros, Peixes, Outros pets, Casa e Jardim;Unidade Veterinária, Farmácia
petz;1;Petz Franca;Av. Dr. Ismael Alonso Y Alonso, 450;Jardim Veneza;Franca;SP;14400-190;(016) 3602-8192;Segunda a sábado - das 08:00 às 22:00Domingo - das 09:00 às 21:00Feriado - das 08:00 às 22:00;Cachorros, Gatos, Pássaros, Peixes, Outros pets, Casa e Jardim;Banho e tosa, Unidade Veterinária, Farmácia
petz;1;Petz Gama Leste;SIND QI 1 - Pte. Alta Norte, S/N;Gama;Brasília;DF;72445-010;(061) 3221-7385;Todos os dias - das 08:00 às 22:00;Cachorros, Gatos, Pássaros, Peixes, Outros pets, Casa e Jardim;Banho e tosa, Unidade Veterinária, Farmácia, Petz Play
petz;1;Petz Gastão Vidigal;Av. Dr. Gastão Vidigal, 1555;Vila Leopoldina;São Paulo;SP;05314-000;(011) 2181-7344;Todos os dias - das 08:00 às 22:00;Cachorros, Gatos, Pássaros, Peixes, Outros pets, Casa e Jardim;Banho e tosa, Unidade Veterinária, Farmácia
petz;1;Petz Gilberto Salomão;BL. F, Shis Qi 5 Conjunto 16, 5;Lago Sul;Brasília;DF;71615-560;(61) 3221-7389;Todos os dias - das 09:00 às 20:00;Cachorros, Gatos, Pássaros, Peixes, Outros pets, Casa e Jardim;Banho e tosa, Farmácia
petz;1;Petz Giovanni Gronchi;Av. Giovanni Gronchi, 3280;Vila Sonia;São Paulo;SP;05651-002;(011) 2181-7389;Todos os dias - das 08:00 às 00:00;Cachorros, Gatos, Pássaros, Peixes, Outros pets, Casa e Jardim;Banho e tosa, Unidade Veterinária, Farmácia, Petz Play
petz;1;Petz Giovanni Pirelli;Rua Giovanni Battista Pirelli, 1645;Vila Homero Thon;Santo André;SP;09111-340;(011) 2181-7455;Todos os dias - das 08:00 às 22:00;Cachorros, Pássaros, Peixes, Outros pets, Casa e Jardim;Banho e tosa, Unidade Veterinária, Farmácia
petz;1;Petz Governador Valadares;Av. Brasil, 3611;Centro;Governador Valadares;MG;35010-070;(033) 3021-7980;Todos os dias - das 08:00 às 20:00;Cachorros, Gatos, Pássaros, Peixes, Outros pets, Casa e Jardim;Banho e tosa, Farmácia
petz;1;Petz Gravataí;Av. Dorival Candido Luz de Oliveira, 900 - Cohab C;Centro;Gravataí;RS;94030-000;(051) 3052-0479;Todos os dias - das 08:00 às 22:00;Cachorros, Gatos, Pássaros, Peixes, Outros pets, Casa e Jardim;Banho e tosa, Unidade Veterinária, Farmácia
petz;1;Petz Guarujá;Av. Adhemar de Barros, 1935;Jardim Helena Maria;Guarujá;SP;11430-003;(13) 3202-7400;Todos os dias - das 08:00 às 22:00;Gatos, Pássaros, Peixes, Outros pets, Casa e Jardim;Banho e tosa, Unidade Veterinária, Farmácia
petz;1;Petz Guarulhos;Av. Guarulhos, 2598;Ponte Grande;Guarulhos;SP;07022-020;(011) 2181-7415;Todos os dias - das 08:00 às 22:00;Gatos, Pássaros, Peixes, Outros pets, Casa e Jardim;Banho e tosa, Farmácia
petz;1;Petz Guarulhos Pimentas;Estr. Juscelino Kubtischek de Oliv., 4380;Jardim Albertina;Guarulhos;SP;07252-000;(011) 2181-7324;Todos os dias - das 08:00 às 22:00;Cachorros, Gatos, Pássaros, Peixes, Outros pets, Casa e Jardim;Farmácia
petz;1;Petz Hiper Sales Aracaju;Av. Augusto Franco, 2500;Ponto Novo;Aracaju;SE;49097-670;(79) 3021-9545;Todos os dias - das 08:00 às 22:00;Cachorros, Gatos, Pássaros, Peixes, Outros pets, Casa e Jardim;
petz;1;Petz Hortolândia;Av. Santana, 970;Parque Ortolândia;Hortolândia;SP;13184-210;(019) 3341-7386;Segunda a sábado - das 08:00 às 22:00Domingo - das 09:00 às 21:00Feriado - das 08:00 às 22:00;Cachorros, Gatos, Pássaros, Peixes, Outros pets, Casa e Jardim;Banho e tosa, Unidade Veterinária, Farmácia
petz;1;Petz Iguatemi Esplanada;Av. Gisele Constantino, 1850 - Shopping Iguatemi Esplanada;Parque Bela Vista;Votorantim;SP;18110-650;(015) 3247-5535 / (15) 3331-8400;Segunda a sábado - das 10:00 às 22:00Domingo e Feriado - das 12:00 às 20:00;Gatos, Pássaros, Peixes, Outros pets, Casa e Jardim;Banho e tosa, Unidade Veterinária, Farmácia
petz;1;Petz Ilha do Governador;Estrada do Galeão, 1770;Jardim Carioca;Rio de Janeiro;RJ;21931-524;(021) 3161-7392;Todos os dias - das 08:00 às 22:00;Cachorros, Gatos, Pássaros, Peixes, Outros pets, Casa e Jardim;Banho e tosa, Farmácia
petz;1;Petz Indaiatuba;Alameda Filtros Mann, 670 - Polo Shopping Indaiatuba;Jardim Tropical;Indaiatuba;SP;13344-580;(019) 3341-7389;Segunda a sábado - das 08:00 às 22:00Domingo e Feriado - das 12:00 às 20:00;Gatos, Pássaros, Peixes, Outros pets, Casa e Jardim;Banho e tosa, Unidade Veterinária, Farmácia
petz;1;Petz Independência Shopping;Av. Presidente Itamar Franco, 3600;Cascatinha;Juiz de Fora;MG;36025-290;(032) 3321-8582;Segunda a sábado - das 10:00 às 22:00Domingo e Feriado - das 13:00 às 21:00;Cachorros, Gatos, Pássaros, Peixes, Outros pets, Casa e Jardim;Banho e tosa, Farmácia
petz;1;Petz Ipatinga;Av Claudio Moura, 801;Novo Cruzeiro;Ipatinga;MG;35164-840;(31) 2103-3634;Segunda a sexta - das 08:00 às 19:00Sábado - das 08:00 às 13:00Domingo e Feriado - loja fechada;Cachorros, Gatos, Pássaros, Peixes, Outros pets, Casa e Jardim;
petz;1;Petz Ipiranga;Av. Presidente Tancredo Neves, 600;Ipiranga;São Paulo;SP;04287-010;(011) 2181-7315;Todos os dias - das 08:00 às 21:00;Pássaros, Peixes, Outros pets, Casa e Jardim;Banho e tosa, Unidade Veterinária, Farmácia
petz;1;Petz Itaim;R. Bandeira Paulista, 982;Itaim Bibi;São Paulo;SP;04532-003;(011) 2181-7375;Todos os dias - das 08:00 às 00:00;Cachorros, Pássaros, Peixes, Outros pets, Casa e Jardim;Banho e tosa, Unidade Veterinária, Farmácia
petz;1;Petz Itajaí;Av. Ver. Abrahão João Francisco, 3400;Ressacada;Itajaí;SC;88307-302;(47) 3311-7758;Todos os dias - das 08:00 às 22:00;Cachorros, Gatos, Pássaros, Peixes, Outros pets, Casa e Jardim;Farmácia
petz;1;Petz Itanhaém;Av. Rui Barbosa, 540;Centro;Itanhaém;SP;11740-000;(013) 3421-9890;Todos os dias - das 08:00 às 22:00;Cachorros, Gatos, Pássaros, Peixes, Outros pets, Casa e Jardim;Farmácia
petz;1;Petz Itapecerica;Estr. de Itapecerica, 944;Vila das Belezas;São Paulo;SP;05835-003;(011) 2181-7416;Todos os dias - das 08:00 às 22:00;Cachorros, Gatos, Pássaros, Peixes, Outros pets, Casa e Jardim;Banho e tosa, Unidade Veterinária, Farmácia
petz;1;Petz Itapetininga;Av. Peixoto Gomide, 317;Centro;Itapetininga;SP;18200-160;(015) 3275-9700;Todos os dias - das 08:00 às 22:00;Cachorros, Gatos, Pássaros, Peixes, Outros pets, Casa e Jardim;Banho e tosa, Farmácia
petz;1;Petz Itatiba;Avenida Marechal Castelo Branco, 55;Jardim de Lucca;Itatiba;SP;13255-350;(011) 4487-6550;Segunda a sábado - das 08:00 às 22:00Domingo - das 09:00 às 21:00Feriado - das 08:00 às 22:00;Cachorros, Gatos, Pássaros, Peixes, Outros pets, Casa e Jardim;Farmácia
petz;1;Petz Itu;Av. Dr. Otaviano Pereira Mendes, 1254;Liberdade;Itu;SP;13301-000;(11) 2181-7314;Todos os dias - das 08:00 às 22:00;Cachorros, Pássaros, Peixes, Outros pets, Casa e Jardim;Banho e tosa, Unidade Veterinária, Farmácia
petz;1;Petz Jaboatão dos Guararapes;Av. Ayrton Senna da Silva, 1485;Piedade;Jaboatão dos Guararapes;PE;54420-700;(081) 3033-7590;Segunda a domingo - das 08:00 às 22:00Feriado - das 08:00 às 20:00;Cachorros, Gatos, Pássaros, Peixes, Outros pets, Casa e Jardim;Farmácia
petz;1;Petz Jacu Pêssego;Av Jacu Pêssego , 4710;Itaquera;São Paulo;SP;08215-115;(011) 2181-7450;Todos os dias - das 09:00 às 23:00;Cachorros, Pássaros, Peixes, Outros pets, Casa e Jardim;Banho e tosa, Unidade Veterinária, Farmácia
petz;1;Petz Jaguaré;Avenida Corifeu de Azevedo Marques, 4529 - lado impar da Corifeu;Vila Lageado;São Paulo;SP;05339-003;(011) 2181-7350;Todos os dias - das 08:00 às 22:00;Cachorros, Pássaros, Peixes, Outros pets, Casa e Jardim;Banho e tosa, Unidade Veterinária, Farmácia
petz;1;Petz Jardim Botânico;R. Jardim Botânico, 733;Lagoa;Rio de Janeiro;RJ;22470-051;(021) 3161-7394;Todos os dias - das 08:00 às 22:00;Cachorros, Gatos, Pássaros, Peixes, Outros pets, Casa e Jardim;Farmácia
petz;1;Petz Jardim Icaraí;R. Dr. Paulo César, 249;Santa Rosa;Niterói;RJ;24240-000;(021) 3161-7393;Todos os dias - das 08:00 às 22:00;Cachorros, Gatos, Pássaros, Peixes, Outros pets, Casa e Jardim;Banho e tosa, Farmácia
petz;1;Petz Jaú;Avenida Doutor Quinzinho , 51;Chácara Peccioli;Jaú;SP;17210-110;(014) 3225-1704;Segunda a sábado - das 08:00 às 22:00Domingo e Feriado - das 08:00 às 20:00;Cachorros, Gatos, Pássaros, Peixes, Outros pets, Casa e Jardim;Farmácia
petz;1;Petz João Firmino;Av. João Firmino, 342;Assunção;São Bernardo do Campo;SP;09810-250;(011) 2181-7337;Todos os dias - das 08:00 às 22:00;Cachorros, Gatos, Pássaros, Peixes, Outros pets, Casa e Jardim;Banho e tosa, Unidade Veterinária, Farmácia
petz;1;Petz João Pessoa;Av. Senador Ruy Carneiro, 711;Tambau;João Pessoa;PB;58039-180;(83) 3048-3252;Todos os dias - das 08:00 às 22:00;Cachorros, Gatos, Pássaros, Peixes, Outros pets;Banho e tosa, Unidade Veterinária, Farmácia, Petz Play
petz;1;Petz Joinville;R. Dr. João Colin, 940;América;Joinville;SC;89204-070;(047) 3207-3386;Segunda a sábado - das 08:00 às 22:00Domingo e Feriado - das 12:00 às 20:00;Cachorros, Gatos, Pássaros, Peixes, Outros pets, Casa e Jardim;Banho e tosa, Unidade Veterinária, Farmácia, Petz Play
petz;1;Petz Juiz de Fora;Avenida Rio Branco, 3820;Alto dos Passos;Juiz de Fora;MG;36026-500;(032) 3321-8582;Todos os dias - das 08:00 às 22:00;Cachorros, Gatos, Pássaros, Peixes, Outros pets, Casa e Jardim;Banho e tosa, Unidade Veterinária, Farmácia
petz;1;Petz Jundiaí;Av. Antonio Frederico Ozanan, 3003 - Junto ao Atacadista Roldao;Vila de Vito;Jundiaí;SP;13215-010;(011) 2181-7440;Todos os dias - das 08:00 às 22:00;Cachorros, Gatos, Pássaros, Peixes, Outros pets, Casa e Jardim;Banho e tosa, Unidade Veterinária, Farmácia
petz;1;Petz Jundiaí Anhanguera;Av. Dr. Adilson Rodrigues, 77;Jundiaí;Jundiaí;SP;13211-685;(011) 2181-7349;Todos os dias - das 08:00 às 22:00;Cachorros, Gatos, Peixes, Casa e Jardim;Banho e tosa, Unidade Veterinária, Farmácia
petz;1;Petz Lauzane Paulista;Avenida Direitos Humanos, 1436;Lauzane Paulista;São Paulo;SP;02475-001;(011) 2181-7326;Todos os dias - das 08:00 às 22:00;Cachorros, Gatos, Pássaros, Peixes, Outros pets, Casa e Jardim;Banho e tosa, Farmácia
petz;1;Petz Limão;Av. Otaviano Alves de Lima, 1480;Limão;São Paulo;SP;02501-000;(11) 2181-7325;Segunda a sábado - das 08:00 às 23:00Domingo - das 09:00 às 22:00Feriado - das 08:00 às 23:00;Gatos, Pássaros, Peixes, Outros pets, Casa e Jardim;Banho e tosa, Unidade Veterinária, Farmácia
petz;1;Petz Linha Verde;Av. Caviúna, 548;Atuba;Curitiba;PR;82840-123;(041) 3528-7389;Segunda a sábado - das 09:00 às 22:00Domingo e Feriado - das 09:00 às 20:00;Cachorros, Gatos, Pássaros, Peixes, Outros pets, Casa e Jardim;Banho e tosa, Farmácia
petz;1;Petz Litoral Plaza;Av. Ayrton Senna da Silva, 1511 - Loja Ext. V - Litoral Plaza;Tude Bastos;Praia Grande;SP;11726-000;(013) 3202-7400;Segunda a sábado - das 08:00 às 20:00Domingo e Feriado - das 10:00 às 20:00;Cachorros, Gatos, Pássaros, Peixes, Outros pets, Casa e Jardim;Farmácia
petz;1;Petz Londrina Tiradentes;Av. Tiradentes, 1919;Rodocentro;Londrina;PR;86071-000;(043) 3032-1060;Todos os dias - das 08:00 às 22:00;Cachorros, Gatos, Pássaros, Peixes, Outros pets, Casa e Jardim;Banho e tosa, Farmácia
petz;1;Petz Manuel Gaya;Rua Manuel Gaya, 2000;Vila Mazzei;São Paulo;SP;02313-000;(011) 2181-7300;Todos os dias - das 08:00 às 22:00;Cachorros, Pássaros, Peixes, Outros pets, Casa e Jardim;Banho e tosa, Unidade Veterinária, Farmácia
petz;1;Petz Maraponga;Av. Godofredo Maciel, 2560;Mondubim;Fortaleza;CE;60710-684;(085) 3031-5593;Todos os dias - das 08:00 às 22:00;Cachorros, Gatos, Pássaros, Peixes, Outros pets, Casa e Jardim;Farmácia
petz;1;Petz Marechal Tito;Avenida Marechal Tito, 5699 - Junto ao MercadoCar;Itaim Paulista;São Paulo;SP;08115-100;(011) 2181-7307;Todos os dias - das 08:00 às 22:00;Cachorros, Gatos, Pássaros, Peixes, Outros pets, Casa e Jardim;Banho e tosa, Unidade Veterinária, Farmácia
petz;1;Petz Marginal Tietê 24h;R. Dr. Miguel Paulo Capalbo, 166;Pari;São Paulo;SP;03035-040;(011) 2181-7380;Todos os dias - 24h;Cachorros, Gatos, Pássaros, Outros pets, Casa e Jardim;Banho e tosa, Unidade Veterinária, Farmácia, Petz Play
petz;1;Petz Maringá;Av. Paraná, 1250;Zona 7;Maringá;PR;87020-085;(044) 3123-2350;Segunda a sábado - das 08:00 às 22:00Domingo e Feriado - loja fechada;Cachorros, Gatos, Pássaros, Peixes, Outros pets, Casa e Jardim;Banho e tosa, Unidade Veterinária, Farmácia
petz;1;Petz Mateus Leme;Rua Mateus Leme, 1875;Bom Retiro;Curitiba;PR;80520-174;(041) 3528-7389;Todos os dias - das 08:00 às 22:00;Cachorros, Gatos, Pássaros, Peixes, Outros pets, Casa e Jardim;Banho e tosa, Farmácia
petz;1;Petz Mauro Ramos;Av. Mauro Ramos, 1586;Centro;Florianópolis;SC;88020-302;(048) 3181-0700;Todos os dias - das 08:00 às 22:00;Cachorros, Gatos, Pássaros, Peixes, Outros pets, Casa e Jardim;Farmácia
petz;1;Petz Miguel Sutil;Av. Miguel Sutil , 10000;Jardim Mariana;Cuiabá;MT;78040-790;(065) 3025-8889;Segunda a sábado - das 08:00 às 22:00Domingo e Feriado - das 08:00 às 20:00;Cachorros, Gatos, Pássaros, Peixes, Outros pets, Casa e Jardim;Banho e tosa, Unidade Veterinária, Farmácia
petz;1;Petz Mogi das Cruzes;Av. Francisco Rodrigues Filho, 1550;Botujuru;Mogi das Cruzes;SP;08840-000;(011) 2181-7435;Todos os dias - das 08:00 às 22:00;Cachorros, Pássaros, Peixes, Outros pets, Casa e Jardim;Banho e tosa, Unidade Veterinária, Farmácia
petz;1;Petz Mogi Guaçu;Av. Mogi Mirim, 970;Areião;Mogi Guaçu;SP;13844-110;(019) 3362-2558;Segunda a sábado - das 08:00 às 22:00Domingo e Feriado - das 09:00 às 20:00;Cachorros, Gatos, Pássaros, Peixes, Outros pets, Casa e Jardim;Banho e tosa, Farmácia
petz;1;Petz Moinhos de Vento;Rua Quintino Bocaiúva, 433;Floresta;Porto Alegre;RS;90440-051;(051) 3557-4779;Todos os dias - das 08:00 às 22:00;Cachorros, Pássaros, Peixes, Outros pets, Casa e Jardim;Banho e tosa, Unidade Veterinária, Farmácia
petz;1;Petz Mooca;Av. Paes de Barros, 1654;Mooca;São Paulo;SP;03114-001;(011) 2181-7400;Todos os dias - das 08:00 às 22:00;Cachorros, Pássaros, Peixes, Outros pets, Casa e Jardim;Banho e tosa, Unidade Veterinária, Farmácia
petz;1;Petz Mooca Plaza Shopping;R. Cap. Pacheco e Chaves, 313;Vila Prudente;São Paulo;SP;03126-000;(011) 2181-7348;Segunda a sábado - das 10:00 às 22:00Domingo e Feriado - das 12:00 às 20:00;Cachorros, Gatos, Pássaros, Peixes, Outros pets, Casa e Jardim;Banho e tosa, Farmácia
petz;1;Petz Morumbi;Rua Aureliano Guimarães, 201;Morumbi;São Paulo;SP;05727-160;(011) 2181-7389;Segunda a sábado - das 08:00 às 23:00Domingo e Feriado - das 08:00 às 22:00;Cachorros, Pássaros, Peixes, Outros pets, Casa e Jardim;Banho e tosa, Unidade Veterinária, Farmácia
petz;1;Petz Nações Unidas;Avenida das Nações Unidas, 20727;Vila Almeida;São Paulo;SP;04795-100;(11) 2181-7460;Todos os dias - das 08:00 às 22:00;Cachorros, Gatos, Pássaros, Peixes, Outros pets, Casa e Jardim;Banho e tosa, Unidade Veterinária, Farmácia
petz;1;Petz Natal;Av. Sen. Salgado Filho, 2431;Lagoa Nova;Natal;RN;59075-000;(084) 3301-6517;Todos os dias - das 08:00 às 22:00;Cachorros, Gatos, Pássaros, Peixes, Outros pets, Casa e Jardim;Banho e tosa, Unidade Veterinária, Farmácia, Petz Play
petz;1;Petz Natal Zona Norte;Av. Dr. João Medeiros Filho, 1420;Potengi;Natal;RN;59108-550;(084) 3301-6517;Todos os dias - das 08:00 às 22:00;Cachorros, Gatos, Pássaros, Peixes, Outros pets, Casa e Jardim;Farmácia
petz;1;Petz Nordestina;Av. Nordestina, 2740;Cidade Nova São Miguel;São Paulo;SP;08042-117;(011) 2181-7332;Todos os dias - das 08:00 às 22:00;Cachorros, Gatos, Pássaros, Peixes, Outros pets, Casa e Jardim;Banho e tosa, Farmácia
petz;1;Petz Norte Sul Plaza;Av. Presidente Ernesto Geisel, 2300 - Shopping Norte Sul Plaza;Jardim Joquei Club;Campo Grande;MS;79080-105;(067) 3222-6097;Todos os dias - das 09:00 às 22:00;Cachorros, Gatos, Pássaros, Peixes, Outros pets, Casa e Jardim;Banho e tosa, Farmácia
petz;1;Petz Nossa Senhora do Carmo;Av. Nossa Senhora do Carmo, 1448;São Pedro;Belo Horizonte;MG;30330-000;(031) 3079-7389;Todos os dias - das 08:00 às 00:00;Cachorros, Gatos, Pássaros, Peixes, Outros pets, Casa e Jardim;Banho e tosa, Unidade Veterinária, Farmácia
petz;1;Petz Nova Iguaçu;Av. Abílio Augusto Távora, 292;Jardim Alvorada;Nova Iguaçu;RJ;26265-090;(021) 3161-7387;Todos os dias - das 08:00 às 22:00;Cachorros, Gatos, Pássaros, Peixes, Outros pets, Casa e Jardim;Banho e tosa, Unidade Veterinária, Farmácia
petz;1;Petz Novo Hamburgo;Rua Castro Alves, 205;Rio Branco;Novo Hamburgo;RS;93310-270;(051) 3273-9229;Todos os dias - das 08:00 às 22:00;Cachorros, Gatos, Pássaros, Peixes, Outros pets, Casa e Jardim;Banho e tosa, Unidade Veterinária, Farmácia
petz;1;Petz Olinda;R. Carmelita Muniz de Araújo, 225;Casa Caiada;Olinda;PE;53130-645;(81) 3033-7592;Segunda a domingo - das 08:00 às 22:00Feriado - das 09:00 às 20:00;Cachorros, Gatos, Pássaros, Peixes, Outros pets, Casa e Jardim;Banho e tosa, Unidade Veterinária, Farmácia
petz;1;Petz Osasco;Av. dos Autonomistas, 1473 - Parte A;Vila Yara;Osasco;SP;06090-010;(011) 2181-7304;Todos os dias - das 08:00 às 00:00;Cachorros, Pássaros, Peixes, Outros pets, Casa e Jardim;Banho e tosa, Unidade Veterinária, Farmácia
petz;1;Petz Pacaembu;Praça Charles Miller, 117;Pacaembu;São Paulo;SP;01234-010;(011) 2181-7460;Segunda a sábado - das 08:00 às 23:00Domingo - das 09:00 às 22:00Feriado - das 08:00 às 23:00;Cachorros, Pássaros, Peixes, Outros pets, Casa e Jardim;Banho e tosa, Farmácia
petz;1;Petz Palmas;Q. 101 Sul Avenida LO 3, S/N;Plano Diretor Sul;Palmas;TO;77015-002;(063) 3025-1432;Segunda a sábado - das 09:00 às 22:00Domingo e Feriado - loja fechada;Cachorros, Gatos, Pássaros, Peixes, Outros pets, Casa e Jardim;Banho e tosa, Unidade Veterinária, Farmácia, Petz Play
petz;1;Petz Pampulha;Av. Professor Magalhães Penido, 1000;Liberdade;Belo Horizonte;MG;31270-652;(031) 3079-7389;Todos os dias - das 08:00 às 22:00;Cachorros, Gatos, Pássaros, Peixes, Outros pets, Casa e Jardim;Banho e tosa, Unidade Veterinária, Farmácia
petz;1;Petz Pão de Açúcar Jabaquara;Av. Eng. Armando de Arruda Pereira, 1900;Jardim Oriental;São Paulo;SP;04308-001;(11) 2181-7499;Segunda a sábado - das 08:00 às 22:00Domingo - das 09:00 às 22:00Feriado - das 08:00 às 22:00;Cachorros, Gatos, Pássaros, Peixes, Outros pets, Casa e Jardim;Farmácia
petz;1;Petz Parada de Taipas;Av. Raimundo Pereira de Magalhães, 12219;Parada De Taipas;São Paulo;SP;02989-095;(11) 2181-7358;Todos os dias - das 08:00 às 22:00;Cachorros, Gatos, Pássaros, Peixes, Outros pets, Casa e Jardim;
petz;1;Petz ParkShopping Brasília;ParkShopping Brasília, - SMAS Trecho 1;Guará;Brasília;DF;71219-900;(061) 3221-7383;Segunda a sábado - das 10:00 às 22:00Domingo e Feriado - das 11:40 às 20:00;Cachorros, Gatos, Pássaros, Peixes, Outros pets, Casa e Jardim;Banho e tosa, Farmácia
petz;1;Petz Parnamirim;Av. Dezessete de Agosto, 295;Parnamirim;Recife;PE;52060-590;(081) 3033-7591;Todos os dias - das 08:00 às 22:00;Cachorros, Gatos, Pássaros, Peixes, Outros pets, Casa e Jardim;Banho e tosa, Unidade Veterinária, Farmácia, Petz Play
petz;1;Petz Parque Flamboyant;Av. Deputado Jamel Cecílio, 2697 - quadra B16, lotes 17/19;Jardim Goiás;Goiânia;GO;74810-100;(062) 2764-7389;Segunda a sábado - das 08:00 às 22:00Domingo e Feriado - das 09:00 às 22:00;Cachorros, Pássaros, Peixes, Outros pets, Casa e Jardim;Banho e tosa, Unidade Veterinária, Farmácia
petz;1;Petz Parque Shopping Bahia;Avenida Santos Dumont, 4360;Centro;Lauro de Freitas;BA;42702-400;(071) 3506-1390;Segunda a sábado - das 09:00 às 22:00Domingo e Feriado - das 13:00 às 21:00;Cachorros, Gatos, Pássaros, Peixes, Outros pets, Casa e Jardim;Banho e tosa, Farmácia
petz;1;Petz Parque Shopping Maceió;Av. Comendador Gustavo Paiva, 5945;Cruz das Almas;Maceió;AL;57038-000;(82) 2122-1601;Segunda a sábado - das 10:00 às 22:00Domingo e Feriado - das 12:00 às 22:00;Cachorros, Gatos, Pássaros, Peixes, Outros pets, Casa e Jardim;Banho e tosa, Farmácia
petz;1;Petz Passeio das Águas;Av. Perimetral Norte, 8303 - Fazenda das Caveiras;Passeio das Águas;Goiânia;GO;74445-360;(062) 2764-7389;Todos os dias - das 08:00 às 22:00;Cachorros, Gatos, Pássaros, Peixes, Outros pets, Casa e Jardim;Banho e tosa, Unidade Veterinária, Farmácia
petz;1;Petz Pelotas;Avenida Ferreira Viana, 1511;Areal;Pelotas;RS;96085-000;(053) 3026-1819;Todos os dias - das 08:00 às 22:00;Cachorros, Gatos, Pássaros, Peixes, Outros pets, Casa e Jardim;Banho e tosa, Farmácia
petz;1;Petz Pereira Barreto;Rua Thales Dos Santos Freire, 36 - Quadra 8B LOT 26,27,28,29 e 30;Baeta Neves;São Bernardo do Campo;SP;09751-020;(011) 2181-7475;Todos os dias - das 08:00 às 22:00;Cachorros, Pássaros, Peixes, Outros pets, Casa e Jardim;Banho e tosa, Unidade Veterinária
petz;1;Petz Pindamonhangaba;Av. Dr. Jorge Tibiriçá, 593;Chácara Galega;Pindamonhangaba;SP;12422-050;(12) 2138-2969;Segunda a sábado - das 08:00 às 22:00Domingo - das 09:00 às 21:00Feriado - das 10:00 às 18:00;Cachorros, Gatos, Pássaros, Peixes, Outros pets, Casa e Jardim;Farmácia
petz;1;Petz Piracicaba;Av. Centenário, 780;São Dimas;Piracicaba;SP;13416-000;(019) 3341-7389;Todos os dias - das 08:00 às 22:00;Cachorros, Gatos, Pássaros, Peixes, Outros pets, Casa e Jardim;Banho e tosa, Unidade Veterinária, Farmácia
petz;1;Petz Pituba;Av. Manoel Dias da Silva, 1251;Pituba;Salvador;BA;41830-001;(071) 3506-1391;Todos os dias - das 08:00 às 22:00;Cachorros, Gatos, Pássaros, Peixes, Outros pets, Casa e Jardim;Farmácia
petz;1;Petz Plaza Avenida Shopping;Av. José Munia, 4775 - Shopping Plaza Avenida, Piso T;Redentor;São José do Rio Preto;SP;15085-350;(017) 3301-2797;Segunda a sábado - das 10:00 às 22:00Domingo e Feriado - das 14:00 às 20:00;Cachorros, Gatos, Pássaros, Peixes, Casa e Jardim;Farmácia
petz;1;Petz Poços de Caldas;Av. João Pinheiro, 711;Centro;Poços de Caldas;MG;37701-387;(035) 3014-9100;Todos os dias - das 08:00 às 22:00;Cachorros, Gatos, Pássaros, Peixes, Outros pets, Casa e Jardim;Banho e tosa, Unidade Veterinária, Farmácia
petz;1;Petz Pompeia;Av. Francisco Matarazzo, 2000 - Complexo SP MEGA STORES;Água Branca;São Paulo;SP;05001-200;(011) 2181-7405;Todos os dias - das 08:00 às 22:00;Cachorros, Pássaros, Peixes, Outros pets, Casa e Jardim;Banho e tosa, Unidade Veterinária, Farmácia
petz;1;Petz Ponta Verde;R. Prof. Sandoval Arroxelas, 1078;Ponta Verde;Maceió;AL;57035-230;(82) 2122-1601;Todos os dias - das 08:00 às 22:00;Cachorros, Gatos, Pássaros, Peixes, Outros pets, Casa e Jardim;Farmácia
petz;1;Petz Porto Velho Shopping;Av. Pref. Chiquilito Erse, 3288;Flodoaldo Pontes Pinto;Porto Velho;RO;76820-408;(069) 3197-0133;Segunda a sábado - das 10:00 às 22:00Domingo e Feriado - das 13:00 às 21:00;Cachorros, Gatos, Pássaros, Peixes, Outros pets, Casa e Jardim;Banho e tosa, Farmácia
petz;1;Petz Praia Grande;Av. Presidente Kennedy, 2900;Guilhermina;Praia Grande;SP;11600-000;(013) 3202-7402;Todos os dias - das 08:00 às 22:00;Cachorros, Pássaros, Peixes, Outros pets, Casa e Jardim;Banho e tosa, Unidade Veterinária, Farmácia
petz;1;Petz Presidente Kennedy;Av. Sgt. Hermínio Sampaio, 2965 - ao lado do Assai Atacadista;Pres. Kennedy;Fortaleza;CE;60355-503;(085) 3031-5592;Segunda a sábado - das 08:00 às 22:00Domingo e Feriado - das 08:00 às 18:00;Cachorros, Gatos, Pássaros, Peixes, Outros pets, Casa e Jardim;Banho e tosa, Farmácia
petz;1;Petz Presidente Prudente;Av. Manoel Goulart, 2671;Centro Educacional;Presidente Prudente;SP;19010-000;(018) 3904-5500;Segunda a sábado - das 08:00 às 22:00Domingo e Feriado - das 08:00 às 20:00;Cachorros, Gatos, Pássaros, Peixes, Outros pets, Casa e Jardim;Banho e tosa, Unidade Veterinária, Farmácia, Petz Play
petz;1;Petz Protásio Alves;Av. Protásio Alves, 4194 - Loja 2;Petrópolis;Porto Alegre;RS;91310-000;(051) 3557-4779;Todos os dias - das 08:00 às 00:00;Gatos, Pássaros, Peixes, Outros pets, Casa e Jardim;Banho e tosa, Unidade Veterinária, Farmácia
petz;1;Petz Radial Leste;Av. Alcântara Machado , 3300;bras;São Paulo;SP;03102-007;(011) 2181-7430;Segunda a sábado - das 08:00 às 00:00Domingo - das 09:00 às 23:00Feriado - das 08:00 às 00:00;Cachorros, Pássaros, Peixes, Outros pets, Casa e Jardim;Banho e tosa, Unidade Veterinária, Farmácia
petz;1;Petz Raja Gabaglia;Avenida Raja Gabaglia, 3230;Estoril Belo Horizonte;Belo Horizonte;MG;30360-670;(031) 3079-7389;Todos os dias - das 08:00 às 22:00;Cachorros, Gatos, Pássaros, Peixes, Outros pets, Casa e Jardim;Farmácia
petz;1;Petz Ribeirão Independência;Avenida Independência , 1810;Jardim Sumare;Ribeirão Preto;SP;14025-393;(016) 3602-8190;Segunda a sábado - das 08:00 às 22:00Domingo - das 09:00 às 21:00Feriado - das 08:00 às 22:00;Cachorros, Gatos, Pássaros, Peixes, Outros pets, Casa e Jardim;Farmácia
petz;1;Petz Ribeirão Presidente Vargas;Av. Pres. Vargas, 2265;Jardim Santa Ângela;Ribeirão Preto;SP;14020-525;(016) 3602-8190;Segunda a sábado - das 08:00 às 22:00Domingo - das 09:00 às 21:00Feriado - das 08:00 às 22:00;Cachorros, Gatos, Pássaros, Peixes, Outros pets, Casa e Jardim;Banho e tosa, Unidade Veterinária, Farmácia
petz;1;Petz Ricardo Jafet;Av. Dr. Ricardo Jafet, 1750;Vila Mariana;São Paulo;SP;04260-000;(11) 2181-7495;Todos os dias - 24h;Gatos, Pássaros, Peixes, Outros pets, Casa e Jardim;Banho e tosa, Unidade Veterinária, Farmácia, Petz Play
petz;1;Petz Rio Claro;Avenida Presidente Kennedy, 414;Estadio;Rio Claro;SP;13501-270;(019) 3341-7388;Segunda a sábado - das 08:00 às 22:00Domingo - das 08:00 às 20:00Feriado - das 08:00 às 15:00;Cachorros, Gatos, Pássaros, Peixes, Outros pets, Casa e Jardim;Banho e tosa, Farmácia, Petz Play
petz;1;Petz Rio Grande;Avenida Presidente Vargas, 794;Vila Junção;Rio Grande;RS;96202-188;(053) 3204-2516;Todos os dias - das 09:00 às 22:00;Cachorros, Gatos, Pássaros, Peixes, Outros pets, Casa e Jardim;Banho e tosa, Unidade Veterinária, Farmácia
petz;1;Petz Riomar;Av. República do Líbano, 251 - Shopping RioMar Recife;Pina;Recife;PE;51110-131;(081) 3033-7590;Segunda a sábado - das 09:00 às 22:00Domingo e Feriado - das 12:00 às 21:00;Cachorros, Gatos, Pássaros, Peixes, Outros pets, Casa e Jardim;Banho e tosa, Farmácia
petz;1;Petz Rio Verde;Av. Pres. Vargas Q 37, 27;Jardim Pres.;Rio Verde;GO;75908-420;(62) 2764 7380;Todos os dias - das 08:00 às 22:00;Cachorros, Gatos, Pássaros, Peixes, Outros pets, Casa e Jardim;
petz;1;Petz Rita Maria;Rua Henrique Valgas, 64;Centro;Florianópolis;SC;88010-220;(048) 4042-9926;Todos os dias - das 08:00 às 22:00;Cachorros, Gatos, Pássaros, Peixes, Outros pets, Casa e Jardim;Banho e tosa, Unidade Veterinária, Farmácia
petz;1;Petz Roberto Freire;Avenida Engenheiro Roberto Freire, 20;Capim Macio;Natal;RN;59078-570;(084) 3301-6517;Todos os dias - das 08:00 às 22:00;Cachorros, Gatos, Pássaros, Peixes, Outros pets, Casa e Jardim;Banho e tosa, Farmácia
petz;1;Petz Ruben Bento Alves;Av. Rubem Bento Alves, 3483;Universitário;Caxias do Sul;RS;95032-440;(054) 3022-3376;Segunda a sábado - das 08:00 às 22:00Domingo e Feriado - das 08:00 às 19:00;Cachorros, Gatos, Pássaros, Peixes, Outros pets, Casa e Jardim;Banho e tosa, Unidade Veterinária, Farmácia
petz;1;Petz Salvador Bonocô;Av. Mario Leal Ferreira, 500;Bonocô;Salvador;BA;40285-600;(071) 3506-1390;Todos os dias - das 08:00 às 22:00;Cachorros, Gatos, Pássaros, Peixes, Outros pets, Casa e Jardim;Banho e tosa, Unidade Veterinária, Farmácia
petz;1;Petz Salvador Paralela;Av. Luís Viana, 2768;Imbuí;Salvador;BA;41720-200;(071) 3506-1390;Todos os dias - das 08:00 às 00:00;Cachorros, Gatos, Pássaros, Peixes, Outros pets, Casa e Jardim;Banho e tosa, Unidade Veterinária, Farmácia
petz;1;Petz Samambaia do Sul;Quadra 302, S/N - Conjunto 7;Samambaia do Sul;Brasília;DF;72300-630;(11) 3434-6800;Todos os dias - das 08:00 às 22:00;Cachorros, Gatos, Pássaros, Peixes, Outros pets, Casa e Jardim;Banho e tosa
petz;1;Petz Santa Bárbara D'Oeste;Av. Corifeu de Azevedo Marques, 1102;Colina;Santa Bárbara d;SP;13450-088;(019) 3478-0141;Segunda a sábado - das 08:00 às 22:00Domingo - das 09:00 às 21:00Feriado - das 08:00 às 22:00;Cachorros, Gatos, Pássaros, Peixes, Outros pets, Casa e Jardim;Banho e tosa, Farmácia
petz;1;Petz Santa Cecília;Av. General Olímpio da Silveira, 68;Santa Cecília;São Paulo;SP;01150-000;(011) 2181-7335;Todos os dias - das 08:00 às 22:00;Cachorros, Pássaros, Peixes, Outros pets, Casa e Jardim;Banho e tosa, Unidade Veterinária, Farmácia
petz;1;Petz Santa Maria;Av. Hélvio Basso, 1201;Duque de Caxias;Santa Maria;RS;97070-805;(55) 3301-3271;Todos os dias - das 08:00 às 22:00;Cachorros, Gatos, Pássaros, Peixes, Outros pets, Casa e Jardim;
petz;1;Petz Santo André;Av. Ramiro Colleoni , 355;Vila Assunção;Santo André;SP;09040-160;(011) 2181-7370;Todos os dias - das 08:00 às 22:00;Cachorros, Pássaros, Peixes, Outros pets, Casa e Jardim;Banho e tosa, Unidade Veterinária, Farmácia
petz;1;Petz Santo André Dom Pedro;Av. Dom Pedro II, 933;Jardim;Santo André;SP;09080-110;(011) 2181-7313;Todos os dias - das 08:00 às 22:00;Gatos, Pássaros, Peixes, Outros pets, Casa e Jardim;Farmácia
petz;1;Petz Santos Dumont;Avenida Santos Dumont, 5650;Cocó;Fortaleza;CE;60192-018;(085) 3031-5592;Todos os dias - das 08:00 às 00:00;Cachorros, Gatos, Pássaros, Peixes, Outros pets, Casa e Jardim;Banho e tosa, Unidade Veterinária, Farmácia, Petz Play
petz;1;Petz Santos Macuco;Rua Dr. Manoel Tourinho, 385;Macuco;Santos;SP;11015-031;(013) 3202-7400;Todos os dias - das 08:00 às 22:00;Gatos, Pássaros, Peixes, Outros pets, Casa e Jardim;Farmácia
petz;1;Petz São Bernardo;Av. Rotary, 825 - junto ao Center Castilho;Centro;São Bernardo do Campo;SP;09721-000;(011) 2181-7420;Segunda a sexta - das 08:00 às 22:00Sábado - das 08:00 às 21:00Domingo e Feriado - das 09:00 às 17:00;Cachorros, Pássaros, Peixes, Outros pets, Casa e Jardim;Banho e tosa, Unidade Veterinária, Farmácia
petz;1;Petz São Carlos;Av. Francisco Pereira Lopes, 1701;Parque Maria Santa Mônica;São Carlos;SP;13561-250;(016) 3602-8191;Segunda a sábado - das 09:00 às 22:00Domingo e Feriado - das 09:00 às 20:00;Cachorros, Pássaros, Peixes, Outros pets, Casa e Jardim;Banho e tosa, Unidade Veterinária, Farmácia
petz;1;Petz São José do Rio Preto;Av. Pres. Juscelino K. Oliveira, 400;Jardim Maracanã;São José do Rio Preto;SP;15092-175;(017) 3301-2797;Todos os dias - das 08:00 às 22:00;Cachorros, Gatos, Pássaros, Peixes, Outros pets, Casa e Jardim;Banho e tosa, Unidade Veterinária, Farmácia
petz;1;Petz São Leopoldo;Av. Getúlio Vargas, 1802;Fião;São Leopoldo;RS;93020-566;(51) 3052-0481;Todos os dias - das 08:00 às 22:00;Cachorros, Gatos, Pássaros, Peixes, Outros pets, Casa e Jardim;Farmácia
petz;1;Petz São Luís;Av. Daniel De La Touch, 10240;Vila Vicente Fialho;São Luís;MA;65074-115;(098) 3089-4991;Segunda a sábado - das 08:00 às 00:00Domingo e Feriado - das 08:00 às 14:00;Cachorros, Gatos, Pássaros, Peixes, Outros pets, Casa e Jardim;Banho e tosa, Unidade Veterinária, Farmácia
petz;1;Petz São Miguel;Av. São Miguel, 7988;Vila Norma;São Paulo;SP;08070-001;(11) 2181-7311;Segunda a sábado - das 10:00 às 22:00Domingo e Feriado - das 14:00 às 20:00;Gatos, Pássaros, Peixes, Outros pets, Casa e Jardim;Banho e tosa, Unidade Veterinária, Farmácia
petz;1;Petz São Vicente;Avenida Antônio Emmerick, 23;Vila Cascatinha;São Vicente;SP;11390-001;(013) 3202-7400;Todos os dias - das 08:00 às 22:00;Gatos, Pássaros, Peixes, Outros pets, Casa e Jardim;Farmácia
petz;1;Petz Seminário;Av. Nossa Senhora Aparecida, 582;Seminário;Curitiba;PR;80440-000;(041) 3528-7389;Todos os dias - das 08:00 às 22:00;Cachorros, Gatos, Pássaros, Peixes, Outros pets, Casa e Jardim;Banho e tosa, Unidade Veterinária, Farmácia, Petz Play
petz;1;Petz Serra;Avenida Eldes Scherrer Souza, 1511;Parque Res. Laranjeiras;Serra;ES;29165-680;(027) 3022-5308;Todos os dias - das 08:00 às 22:00;Cachorros, Gatos, Pássaros, Peixes, Outros pets, Casa e Jardim;Banho e tosa, Unidade Veterinária, Farmácia
petz;1;Petz Sete Lagoas;Avenida Raquel Teixeira Viana, 983;Canaã;Sete Lagoas;MG;35700-293;(031) 3176-6017;Todos os dias - das 08:00 às 20:00;Cachorros, Gatos, Pássaros, Peixes, Outros pets, Casa e Jardim;Banho e tosa, Farmácia
petz;1;Petz Shopping CenterVale;Av. Deputado Benedito Matarazzo, 9403;Jardim Oswaldo Cruz;São José dos Campos;SP;12215-900;(11) 2181-7363;Segunda a sábado - das 10:00 às 22:00Domingo e Feriado - das 12:00 às 20:00;Cachorros, Gatos, Pássaros, Peixes, Outros pets, Casa e Jardim;Banho e tosa, Farmácia
petz;1;Petz Shopping Golden Square;Avenida Kennedy, 700;Jardim do Mar;São Bernardo do Campo;SP;09726-252;(011) 2181-7356;Segunda a sábado - das 10:00 às 22:00Domingo e Feriado - das 12:00 às 20:00;Cachorros, Gatos, Pássaros, Peixes, Outros pets, Casa e Jardim;Banho e tosa, Farmácia
petz;1;Petz Shopping Grande Rio;R. Maria Soares Sendas, 111;Parque Barreto;São João de Meriti;RJ;25575-825;(21) 3161-7389;Segunda a sábado - das 08:00 às 22:00Domingo e Feriado - das 13:00 às 21:00;Cachorros, Gatos, Pássaros, Peixes, Outros pets, Casa e Jardim;Banho e tosa, Farmácia
petz;1;Petz Shopping Grand Plaza;Av. Industrial, 600;Centro;Santo André;SP;09080-510;(011) 2181-7362;Segunda a sábado - das 10:00 às 22:00Domingo e Feriado - das 12:00 às 20:00;Cachorros, Gatos, Pássaros, Peixes, Outros pets, Casa e Jardim;Banho e tosa, Farmácia
petz;1;Petz Shopping Itaguaçu;R. Gerôncio Thives, 1079;Barreiros;São José;SC;88117-292;(048) 3181-0700;Segunda a sábado - das 10:00 às 22:00Domingo e Feriado - das 12:00 às 20:00;Cachorros, Gatos, Pássaros, Peixes, Outros pets, Casa e Jardim;Banho e tosa, Farmácia
petz;1;Petz Shopping Jockey Plaza;R. Konrad Adenauer, 370;Tarumã;Curitiba;PR;82821-020;(041) 3017-9080;Segunda a sábado - das 10:00 às 22:00Domingo e Feriado - das 14:00 às 20:00;Cachorros, Gatos, Pássaros, Peixes, Outros pets, Casa e Jardim;Banho e tosa, Farmácia
petz;1;Petz Shopping Mauá;Av. Gov. Mario Covas Júnior, 01;Centro;Mauá;SP;09390-040;(011) 2181-7329;Segunda a sábado - das 10:00 às 22:00Domingo e Feriado - das 10:00 às 20:00;Cachorros, Gatos, Pássaros, Peixes, Outros pets, Casa e Jardim;Banho e tosa, Farmácia
petz;1;Petz Shopping Pantanal;Av. Historiador Rubens de Mendonça, 3.300;Jardim Aclimacao;Cuiabá;MT;78050-250;(065) 3025-8889;Segunda a sábado - das 10:00 às 22:00Domingo e Feriado - das 12:00 às 20:00;Cachorros, Gatos, Pássaros, Peixes, Outros pets, Casa e Jardim;Banho e tosa, Farmácia
petz;1;Petz Shopping Sul Valparaíso;Q. 1 Valparaíso Shopping, S/N;Parque Esplanada III;Valparaíso de Goiás;GO;72876-902;(061) 3221-7388;Segunda a sábado - das 09:00 às 22:00Domingo e Feriado - das 12:00 às 20:00;Cachorros, Gatos, Pássaros, Peixes, Outros pets, Casa e Jardim;Banho e tosa, Farmácia
petz;1;Petz Silva Jardim;Rua João Negrão, 1028;Rebouças;Curitiba;PR;82590-300;(41) 3017-9087;Todos os dias - das 08:00 às 22:00;Cachorros, Gatos, Pássaros, Peixes, Outros pets, Casa e Jardim;
petz;1;Petz Silviano Brandão;Av. Silviano Brandão, 2457;Sagrada Família;Belo Horizonte;MG;31015-015;(31) 3079-7386;Segunda a sábado - das 08:00 às 22:00Domingo e Feriado - das 08:00 às 20:00;Cachorros, Gatos, Pássaros, Peixes, Outros pets, Casa e Jardim;
petz;1;Petz Sorocaba;Av. Dom Aguirre, 2121;Santa Rosália;Sorocaba;SP;18035-095;(015) 3331-8400;Todos os dias - das 08:00 às 22:00;Cachorros, Pássaros, Peixes, Outros pets, Casa e Jardim;Banho e tosa, Unidade Veterinária, Farmácia
petz;1;Petz Sorocaba Tauste;Avenida General Carneiro, 1120 - Loja 08;Vila Lucy;Sorocaba;SP;18043-003;(015) 3331-8400;Todos os dias - das 08:00 às 22:00;Cachorros, Gatos, Pássaros, Peixes, Outros pets, Casa e Jardim;Banho e tosa, Unidade Veterinária, Farmácia
petz;1;Petz Sumaré;Av. da Amizade, 2371;Parque Euclides Miranda;Sumaré;SP;13175-646;(019) 3341-7387;Segunda a sábado - das 08:00 às 22:00Domingo - das 09:00 às 21:00Feriado - das 08:00 às 22:00;Cachorros, Gatos, Pássaros, Peixes, Outros pets, Casa e Jardim;Farmácia
petz;1;Petz Suzano;Rua Sete de Setembro, 555;Parque Suzano;Suzano;SP;08673-900;(011) 2181-7347;Segunda a sábado - das 09:00 às 22:00Domingo e Feriado - das 10:00 às 20:00;Cachorros, Gatos, Pássaros, Peixes, Outros pets, Casa e Jardim;Banho e tosa, Farmácia
petz;1;Petz Taboão da Serra;R. do Tesouro, 662;Taboão da Serra;São Paulo;SP;06754-190;(011) 2181-7309;Todos os dias - das 08:00 às 22:00;Cachorros, Pássaros, Peixes, Outros pets, Casa e Jardim;Banho e tosa, Unidade Veterinária, Farmácia
petz;1;Petz Taguatinga;Quadra QS 1, Rua 212, S/N - Lote 11, 13 e 15;Areal (Águas Claras);Brasília;DF;71950-550;(061) 3221-7384;Todos os dias - das 08:00 às 22:00;Cachorros, Gatos, Pássaros, Peixes, Outros pets, Casa e Jardim;Banho e tosa, Unidade Veterinária, Farmácia
petz;1;Petz Tamboré;Alameda Araguaia, 2179 - Parte A,junto a Kalunga;Tamboré;Barueri;SP;06455-000;(11) 2181-7385;Todos os dias - das 08:00 às 22:00;Cachorros, Gatos, Pássaros, Peixes, Outros pets, Casa e Jardim;Banho e tosa, Unidade Veterinária, Farmácia
petz;1;Petz Tatuí;Rua São Bento, 287;Centro;Tatuí;SP;18270-820;(15) 3331-8400;Todos os dias - das 08:00 às 22:00;;
petz;1;Petz Tauste Campinas;Av. dos Imbês, 52;Alphaville Dom Pedro;Campinas;SP;13097-172;(19) 3341-7384;Todos os dias - das 08:00 às 22:00;Cachorros, Gatos, Pássaros, Peixes, Outros pets, Casa e Jardim;Banho e tosa
petz;1;Petz Teodoro Sampaio;Rua Teodoro Sampaio, 1424;Pinheiros;São Paulo;SP;05406-100;(011) 2181-7336;Todos os dias - das 08:00 às 22:00;Cachorros, Gatos, Pássaros, Peixes, Outros pets, Casa e Jardim;Banho e tosa, Farmácia
petz;1;Petz Teotônio Vilela;Av. Senador Teotônio Vilela , 4482;Vila Sao Jose;São Paulo;SP;04864-001;(011) 2181-7312;Todos os dias - das 08:00 às 22:00;Cachorros, Pássaros, Peixes, Outros pets, Casa e Jardim;Banho e tosa, Unidade Veterinária, Farmácia
petz;1;Petz Teresina;Av. João XXIII, 1176;Noivos;Teresina;PI;64049-010;(086) 3025-8511;Todos os dias - das 08:00 às 22:00;Cachorros, Gatos, Pássaros, Peixes, Outros pets, Casa e Jardim;Banho e tosa, Unidade Veterinária, Farmácia
petz;1;Petz Torquato Tapajós;Av. Torquato Tapajós, 313;Flores;Manaus;AM;69048-660;(092) 3024-6531;Todos os dias - das 08:00 às 22:00;Cachorros, Gatos, Pássaros, Peixes, Outros pets, Casa e Jardim;Banho e tosa, Unidade Veterinária, Farmácia
petz;1;Petz Torres;Av. Com. Franco, 2958;Guabirotuba;Curitiba;PR;81520-000;(041) 3528-7389;Todos os dias - das 09:00 às 22:00;Cachorros, Gatos, Pássaros, Peixes, Outros pets, Casa e Jardim;Banho e tosa, Unidade Veterinária, Farmácia
petz;1;Petz Trimais;Av. Tucuruvi, 220 - Shopping Trimais;Tucuruvi;São Paulo;SP;02305-002;(011) 2181-7334;Segunda a sábado - das 09:00 às 22:00Domingo e Feriado - das 09:00 às 20:00;Cachorros, Gatos, Pássaros, Peixes, Outros pets, Casa e Jardim;Banho e tosa, Farmácia
petz;1;Petz Uberaba;Av. Leopoldino de Oliveira, 4001;Estados Unidos;Uberaba;MG;38010-000;(034) 3480-3876;Segunda a sábado - das 08:00 às 22:00Domingo e Feriado - das 08:00 às 20:00;Cachorros, Gatos, Pássaros, Peixes, Outros pets, Casa e Jardim;Farmácia
petz;1;Petz Uberlândia;Av. Rondon Pacheco, 505;Tabajaras;Uberlândia;MG;38400-242;(034) 3306-9093;Todos os dias - das 08:00 às 22:00;Cachorros, Gatos, Pássaros, Peixes, Outros pets, Casa e Jardim;Banho e tosa, Unidade Veterinária, Farmácia
petz;1;Petz Várzea Grande;Av. João Ponce de Arruda, 1096;Centro Norte;Várzea Grande;MT;78030-485;(065) 3025-8891;Segunda a sábado - das 08:00 às 22:00Domingo e Feriado - das 08:00 às 20:00;Cachorros, Peixes, Outros pets, Casa e Jardim;Farmácia
petz;1;Petz Vicente Rao;Av. Professor Vicente Rao, 1700;Jardim Petropolis;São Paulo;SP;04636-001;(011) 2181-7331;Todos os dias - das 08:00 às 22:00;Cachorros, Gatos, Pássaros, Peixes, Outros pets, Casa e Jardim;Banho e tosa, Farmácia
petz;1;Petz Vila Galvão;R. Maria Primo de Jesus, 47;Vila Galvão;Guarulhos;SP;07056-040;(011) 2181-7338;Todos os dias - das 08:00 às 22:00;Cachorros, Gatos, Pássaros, Peixes, Outros pets, Casa e Jardim;Banho e tosa, Farmácia
petz;1;Petz Vila Isabel;Rua Teodoro da Silva, 668;Vila Isabel;Rio de Janeiro;RJ;20560-025;(21) 3161-7391;Todos os dias - das 08:00 às 22:00;Cachorros, Gatos, Pássaros, Peixes, Outros pets, Casa e Jardim;Banho e tosa, Unidade Veterinária, Farmácia
petz;1;Petz Vila Mariana;Rua Vergueiro, 2604;Vila Mariana;São Paulo;SP;04102-000;(011) 2181-7322;Todos os dias - das 08:00 às 22:00;Cachorros, Gatos, Pássaros, Peixes, Outros pets, Casa e Jardim;Farmácia
petz;1;Petz Vila Matilde;Avenida Conde de Frontin, 2416;Tatuapé;São Paulo;SP;03501-000;(011) 2181-7319;Todos os dias - das 08:00 às 22:00;Cachorros, Gatos, Pássaros, Peixes, Outros pets, Casa e Jardim;Farmácia
petz;1;Petz Vila Velha;Rodovia do Sol, 256;Itapuã;Vila Velha;ES;29102-320;(027) 3022-5308;Todos os dias - das 08:00 às 22:00;Cachorros, Gatos, Pássaros, Peixes, Outros pets, Casa e Jardim;Banho e tosa, Unidade Veterinária, Farmácia
petz;1;Petz Vitória;Av. Nossa Senhora da Penha, 1819;Santa Lucia;Vitória;ES;29056-075;(027) 3022-5308;Segunda a domingo - das 08:00 às 23:00Feriado - das 09:00 às 18:00;Cachorros, Gatos, Pássaros, Peixes, Outros pets, Casa e Jardim;Banho e tosa, Unidade Veterinária, Farmácia, Petz Play
petz;1;Petz Vitória da Conquista;Av. Olivia Flores, 973;Candeias;Vitória da Conquista;BA;45028-610;(77) 3142-0027;Todos os dias - das 08:00 às 22:00;Cachorros, Gatos, Pássaros, Peixes, Outros pets, Casa e Jardim;
petz;1;Petz Washington Luís;Av. Washington Luís, 2737;Brooklin;São Paulo;SP;04662-003;(011) 2181-7485;Todos os dias - das 08:00 às 00:00;Gatos, Pássaros, Peixes, Outros pets, Casa e Jardim;Banho e tosa, Unidade Veterinária, Farmácia
petz;1;Petz Washington Soares;Av. Washington Soares, 2300;Edson Queiroz;Fortaleza;CE;60810-350;(085) 3031-5592;Todos os dias - das 08:00 às 22:00;Cachorros, Gatos, Pássaros, Peixes, Outros pets, Casa e Jardim;Unidade Veterinária, Farmácia, Petz Play
